{
  "project_info": {
    "project_number": "575127804191",
    "project_id": "ai-photo-enhancer-5da22",
    "storage_bucket": "ai-photo-enhancer-5da22.appspot.com"
  },
  "client": [
    {
      "client_info": {
        "mobilesdk_app_id": "1:575127804191:android:5f35ff460b608c5734782a",
        "android_client_info": {
          "package_name": "com.aapthitech.android.developers"
        }
      },
      "oauth_client": [
        {
          "client_id": "575127804191-o1egs1debu16jajmuva8i511oe6v85i3.apps.googleusercontent.com",
          "client_type": 3
        }
      ],
      "api_key": [
        {
          "current_key": "AIzaSyCr9tVgzh-Rf5JACYVK6HaHBh73Ep25wkg"
        }
      ],
      "services": {
        "appinvite_service": {
          "other_platform_oauth_client": [
            {
              "client_id": "575127804191-o1egs1debu16jajmuva8i511oe6v85i3.apps.googleusercontent.com",
              "client_type": 3
            }
          ]
        }
      }
    }
  ],
  "configuration_version": "1"
}